state_county,yield_y,may_ndvi,june_ndvi,july_ndvi,august_ndvi,september_ndvi
5_1,191.1,0.449006685,0.605696133,0.762091794,0.824389924,0.707260766
5_3,188.3,0.762236267,0.769628957,0.739027962,0.800982125,0.761600052
5_17,176.2,0.323934144,0.504628322,0.707149589,0.785484531,0.559219801
5_21,196.9,0.299619769,0.400669628,0.619145415,0.786987764,0.716608098
5_31,195.4,0.284820716,0.332163036,0.667745616,0.738546877,0.691466448
5_35,188,0.284990553,0.394452332,0.707300515,0.793047753,0.753813889
5_37,197.3,0.310740357,0.357631713,0.704825386,0.791230128,0.720893639
5_41,190.3,0.324851823,0.496453168,0.651621432,0.824615238,0.652321996
5_43,183.3,0.763828132,0.77539054,0.630917371,0.806573051,0.767516596
5_55,179.7,0.402847638,0.449153026,0.560776089,0.714922334,0.689831902
5_63,179.4,0.571088953,0.793149249,0.623407292,0.775352987,0.77148253
5_67,168.1,0.300597626,0.339366495,0.642595597,0.731918693,0.642516771
5_69,185.4,0.550812646,0.629507845,0.729132356,0.777140824,0.685138812
5_71,115.1,0.847883869,0.832150328,0.740630136,0.816218357,0.808761028
5_75,182.6,0.378661125,0.481641706,0.497911131,0.693190966,0.665529019
5_77,182,0.370750954,0.471884611,0.712521558,0.793394932,0.746167116
5_79,165,0.627931374,0.66844983,0.53255162,0.783438845,0.72032047
5_85,190.8,0.457524781,0.56660845,0.642907054,0.730277119,0.66796449
5_93,187.3,0.238102113,0.292029259,0.652224207,0.762019267,0.754067454
5_95,169.7,0.527119205,0.567244604,0.753996203,0.800631964,0.738311992
5_107,178.8,0.339591496,0.449299232,0.621072633,0.792799853,0.746120619
5_111,181.6,0.263446033,0.345698893,0.681785969,0.779257751,0.697137093
5_117,189,0.470098807,0.534998718,0.713075969,0.771679155,0.732109822
5_121,185,0.777482149,0.79911984,0.682081807,0.728603912,0.744280487
5_123,188,0.371408447,0.444143484,0.76402911,0.802521802,0.771888656
5_145,182.1,0.68376531,0.745978521,0.525747133,0.751727074,0.724322118
5_147,199.3,0.440091487,0.441344052,0.72057148,0.744025776,0.720841546
17_1,178.4,0.474182737,0.496149431,0.707272965,0.832443656,0.654436283
17_3,182.6,0.667217523,0.581178846,0.738566165,0.80882551,0.787359023
17_5,186.6,0.479941455,0.393922434,0.808997096,0.832713402,0.506061667
17_7,193.2,0.278965803,0.389351863,0.771184022,0.846064525,0.638348782
17_9,182.2,0.564629083,0.612916652,0.705207432,0.845768963,0.728614122
17_11,200.4,0.217006244,0.419825735,0.795079922,0.845696176,0.591907695
17_13,177.5,0.567839401,0.706337882,0.76194584,0.823946683,0.705080236
17_15,200.7,0.30632308,0.37863658,0.770550845,0.816369175,0.644456135
17_17,205.9,0.354788176,0.425293881,0.782967315,0.849626361,0.653889242
17_19,193.7,0.248096058,0.42374283,0.822447945,0.873062295,0.599456079
17_21,199.1,0.259697352,0.39686218,0.830172909,0.845699861,0.505882611
17_23,200.4,0.403887657,0.473947057,0.802280397,0.826217584,0.697108899
17_25,170.6,0.513813972,0.466303042,0.692979561,0.818434405,0.638542574
17_27,176.9,0.480057905,0.379335352,0.762528414,0.808272071,0.490305875
17_29,203.8,0.283212637,0.512123624,0.871366149,0.853800768,0.599456079
17_33,180.1,0.404091889,0.447781167,0.751667355,0.845901237,0.693606936
17_35,186.8,0.419829357,0.438967556,0.841768237,0.838178736,0.599456079
17_37,191.2,0.244367056,0.318440623,0.75964731,0.849663345,0.607269282
17_39,201.6,0.236196758,0.378581632,0.838438795,0.873372219,0.680672322
17_41,206.8,0.240238461,0.408060794,0.845576986,0.857196495,0.599456079
17_45,189.9,0.260142658,0.450585403,0.834030084,0.845607045,0.588115683
17_47,174.2,0.428424407,0.470713093,0.790813225,0.841669131,0.64269538
17_49,191.8,0.451154202,0.486488239,0.775656371,0.76399506,0.599456079
17_51,182.8,0.472740685,0.417841925,0.784907684,0.808541635,0.415611945
17_53,192.3,0.224693677,0.384894987,0.786883557,0.853619179,0.505944951
17_55,164.5,0.644909728,0.477348991,0.746143018,0.79473568,0.716507581
17_57,184.9,0.472222613,0.519296924,0.68346057,0.832410246,0.724845612
17_59,177.6,0.410615668,0.606634504,0.824179171,0.831853342,0.613777152
17_61,191.7,0.388487018,0.459591586,0.771124561,0.845737749,0.599411157
17_63,185,0.191760674,0.417482685,0.855691243,0.744268774,0.513670834
17_65,170.4,0.557123629,0.560511649,0.771772343,0.795142313,0.69326734
17_67,204.6,0.376564107,0.457687582,0.769677506,0.847829218,0.630656801
17_71,200.4,0.334651574,0.448789057,0.808500642,0.840072326,0.619261487
17_73,209,0.286910758,0.353532251,0.747988429,0.849391322,0.572143773
17_75,191.2,0.22070384,0.392466624,0.759799788,0.829977871,0.486405432
17_77,177.3,0.700838464,0.644722835,0.791113643,0.799046948,0.759781203
17_79,177.7,0.400034612,0.365302437,0.767302474,0.814698058,0.640268445
17_81,152.9,0.676389413,0.480473336,0.699411117,0.795059194,0.69274801
17_83,193.2,0.425678731,0.527188095,0.793238864,0.855643091,0.595852034
17_85,194.3,0.494234595,0.599648012,0.779224432,0.822482592,0.720901039
17_87,166,0.837898721,0.729267349,0.779404242,0.826414832,0.775123543
17_89,176.8,0.298804547,0.486049399,0.654333757,0.744217075,0.591575097
17_91,173.1,0.259600616,0.392665447,0.740451009,0.779378267,0.50583536
17_93,183.1,0.279407198,0.415978286,0.755682343,0.584156714,0.521554276
17_95,205,0.377192162,0.412040792,0.751871502,0.837772895,0.677758222
17_97,165.5,-0.018448719,0.020142733,-0.035372001,-0.004252149,-0.050869746
17_99,186.3,0.22824974,0.347443983,0.793269396,0.839957023,0.537044838
17_101,171.3,0.396477936,0.463719765,0.798736438,0.84594029,0.642687711
17_103,195,0.236316064,0.353581958,0.802710475,0.845751972,0.568342267
17_105,182.4,0.21766798,0.3533898,0.841795333,0.783397159,0.501822943
17_107,210.7,0.2518139,0.31448039,0.790878596,0.884644904,0.654209627
17_109,199.1,0.310632087,0.400245596,0.739979418,0.857369966,0.666042761
17_111,180.3,0.341696739,0.522016684,0.728152482,0.787169741,0.630686377
17_113,201.8,0.236248438,0.36136343,0.775549479,0.861338335,0.658079123
17_115,210.3,0.261882244,0.433353205,0.855445379,0.8535328,0.595729548
17_117,192.9,0.396524542,0.455011613,0.794955736,0.857433729,0.545418427
17_119,186.9,0.480933111,0.480701899,0.738081134,0.816707256,0.552684211
17_121,185.1,0.602751582,0.365350641,0.681526356,0.783220885,0.603179663
17_123,207.1,0.377192162,0.370835207,0.801099275,0.855587351,0.654302617
17_125,195.6,0.285005149,0.347372355,0.761874702,0.824076508,0.638605719
17_127,164.2,0.666973462,0.613055072,0.69879271,0.823621153,0.738577693
17_129,216.3,0.302956107,0.361790079,0.790948528,0.869340203,0.637743271
17_131,192.1,0.29896298,0.43318161,0.802532206,0.8458763,0.626844834
17_133,157.8,0.564891977,0.490573822,0.628953733,0.824259234,0.65493614
17_135,191.8,0.322543091,0.431776928,0.81840258,0.853646219,0.474690662
17_137,203.9,0.318363581,0.38646045,0.794882689,0.861432787,0.634923685
17_139,204,0.253832843,0.427825895,0.86344556,0.863005755,0.599456079
17_141,191.8,0.291124913,0.400268437,0.806699602,0.841868425,0.60332094
17_143,214.7,0.502927542,0.472663542,0.777723919,0.824011811,0.683701131
17_145,159.6,0.638844178,0.443743785,0.743977212,0.795107159,0.740187699
17_147,211.7,0.244071526,0.427806437,0.876952795,0.881074815,0.599456079
17_149,185.5,0.470778625,0.543244782,0.784502671,0.824428419,0.646643328
17_151,186.9,0.878821616,0.785825594,0.776812355,0.840001437,0.801473466
17_153,176.3,0.620781234,0.597002369,0.676742133,0.824430304,0.761378699
17_155,196.3,0.377192162,0.454620099,0.75603291,0.82422684,0.626644899
17_157,168,0.613766832,0.511208574,0.706880125,0.808619558,0.716771721
17_159,167.2,0.458805532,0.412435601,0.787598994,0.810956944,0.646399568
17_161,199.3,0.392865078,0.504489187,0.722624148,0.800633366,0.628379738
17_163,163.2,0.527260255,0.441385521,0.699470741,0.81677761,0.591708308
17_165,192,0.598984131,0.595349189,0.802659419,0.810332232,0.669970581
17_167,203.9,0.30080928,0.363294134,0.783061995,0.863304403,0.599398785
17_169,183.8,0.521455668,0.584035284,0.66612747,0.841821374,0.736530477
17_171,189.2,0.38494087,0.427224128,0.763881598,0.837753868,0.630626009
17_173,194.9,0.32378315,0.5116279,0.832399175,0.839867463,0.599456079
17_175,212.4,0.377192162,0.36902431,0.806775307,0.866186252,0.618720573
17_177,205,0.314691953,0.400732412,0.771235931,0.84957143,0.673559672
17_179,196.9,0.267647331,0.347536645,0.738443649,0.839877841,0.699007626
17_181,155.4,0.800404484,0.746340156,0.80085157,0.808541411,0.767329507
17_183,191,0.286759071,0.43966144,0.779431393,0.86123656,0.576354841
17_185,171.7,0.334114647,0.478325489,0.834154105,0.84984972,0.591245319
17_187,211.1,0.271491806,0.369180626,0.826306837,0.849464698,0.642584441
17_189,180.9,0.529346742,0.248327007,0.696878814,0.81834448,0.728539972
17_191,170.6,0.533701829,0.45543915,0.759725108,0.802755181,0.681552879
17_193,177.6,0.412077658,0.490249177,0.794864465,0.838144489,0.665695942
17_195,186.7,0.275513444,0.365324801,0.761950776,0.808281653,0.613258596
17_197,175.1,0.29060593,0.488100312,0.629695317,0.707275932,0.548546547
17_199,156.3,0.761092479,0.549111529,0.779472992,0.792818686,0.716833095
17_201,193,0.388466725,0.501710793,0.748137962,0.798602391,0.611276377
17_203,199.8,0.344165236,0.331919955,0.770179355,0.816565986,0.675808679
18_1,179.9,0.30580734,0.34158604,0.626659907,0.81088625,0.623157153
18_3,165.2,0.201893315,0.42370623,0.548738725,0.743889158,0.634491326
18_5,187.5,0.474911564,0.490288987,0.716610978,0.837644627,0.696958798
18_7,204.5,0.224614531,0.423533043,0.790786828,0.85766148,0.455420144
18_9,187.9,0.377192162,0.361119001,0.583583593,0.83811664,0.618574122
18_11,221.9,0.240215572,0.412306752,0.763542501,0.845645553,0.537045862
18_15,209.6,0.240194623,0.450778144,0.802919357,0.861353064,0.560455998
18_17,200.4,0.271612934,0.43935704,0.755985899,0.841797079,0.568573323
18_19,173.4,0.621165354,0.667609519,0.707038376,0.848023693,0.800949916
18_21,189.1,0.411665779,0.518217454,0.786980251,0.806964558,0.637992546
18_23,207.1,0.220788682,0.345394638,0.732728765,0.861367188,0.630458805
18_27,192.4,0.408405499,0.556928798,0.77123236,0.791109598,0.592122592
18_29,173.2,0.724755659,0.783580509,0.764137186,0.806345147,0.748069523
18_31,209.5,0.570968032,0.39243263,0.759411037,0.826197473,0.685166845
18_33,136.6,0.384239759,0.439806205,0.498539012,0.779189834,0.646462663
18_35,192,0.377192162,0.402579013,0.683570714,0.840065398,0.613466969
18_37,183.9,0.573327427,0.645058505,0.794748893,0.806950775,0.728794577
18_39,174.8,0.384791632,0.470688071,0.642696884,0.771470531,0.639101604
18_41,191.5,0.470323175,0.501605116,0.685366534,0.833882231,0.630838578
18_43,171.2,0.643012517,0.760230368,0.763463029,0.794886394,0.790352336
18_45,186.9,0.325775663,0.478718916,0.802878261,0.866164234,0.545124342
18_47,184.9,0.644839964,0.683387624,0.714796693,0.824329455,0.669974115
18_49,181,0.292909779,0.42530752,0.737784026,0.840055817,0.581548278
18_51,200.3,0.37932789,0.558473486,0.832241279,0.830071306,0.634336707
18_53,187.8,0.16585698,0.373193665,0.646445742,0.810602297,0.576042626
18_55,184.3,0.595472473,0.712806604,0.775504725,0.809608776,0.724645438
18_57,188.7,0.33804405,0.458967518,0.619055057,0.756049815,0.576461464
18_59,188.5,0.282226126,0.392783175,0.611566101,0.849733396,0.572565296
18_61,182,0.62120492,0.753682938,0.808192202,0.824041421,0.800791543
18_63,205.2,0.361189261,0.466923599,0.720202153,0.775341529,0.560560483
18_65,196.6,0.377192162,0.381542294,0.630556203,0.849834813,0.64294654
18_67,213.1,0.228181869,0.407855032,0.69365776,0.830356454,0.599501
18_69,186.1,0.377192162,0.376391839,0.614941369,0.81458397,0.635044549
18_71,185.4,0.537213325,0.575596782,0.763508178,0.830010499,0.747969533
18_73,172.3,0.283046527,0.451432534,0.782979591,0.849595551,0.540877968
18_75,179.9,0.267382074,0.353177977,0.634965135,0.818257968,0.59922367
18_77,165,0.66803089,0.675858802,0.717576392,0.839802413,0.802661455
18_79,177.1,0.564137925,0.611672261,0.654444891,0.818150582,0.756224853
18_81,184.2,0.408265151,0.432096877,0.614944165,0.829992962,0.658116934
18_83,187,0.337931182,0.470587958,0.802935595,0.818326299,0.584026077
18_85,172.9,0.379299074,0.433644033,0.698894642,0.808232857,0.644564155
18_87,143.5,0.493853324,0.533990292,0.673628001,0.78315816,0.673890304
18_89,171.3,0.463118859,0.41787242,0.605291528,0.806785126,0.54348216
18_91,147.8,0.379665121,0.488061752,0.746064239,0.776750842,0.59813331
18_93,183.4,0.646515123,0.786884852,0.817956284,0.818696717,0.732605352
18_95,204.7,0.201305931,0.393106836,0.693263127,0.829988677,0.595448475
18_97,191.9,0.490139013,0.560374521,0.540898627,0.596100972,0.545110282
18_99,175.5,0.379122633,0.459218176,0.715118703,0.82214846,0.613446538
18_101,190.6,0.595735767,0.833744504,0.841698231,0.829926378,0.787113892
18_103,180.8,0.277004132,0.427983631,0.693362536,0.794911387,0.583848689
18_105,168.2,0.628190995,0.824606768,0.816722184,0.816745461,0.75381202
18_107,205,0.255810282,0.434938473,0.802604749,0.861373081,0.51792548
18_109,188,0.548880508,0.642196759,0.771498625,0.802625888,0.673666731
18_111,192.9,0.275318779,0.470936236,0.775255704,0.849669362,0.540514931
18_113,175.3,0.423189658,0.494623386,0.670558572,0.802746282,0.716727553
18_115,154.3,0.755999638,0.795228822,0.759388241,0.814696222,0.783447294
18_117,205.3,0.558172474,0.816588536,0.837656769,0.840036744,0.790903595
18_119,168.5,0.646315463,0.763789058,0.814469726,0.826179348,0.747929072
18_121,196.7,0.462572618,0.615226652,0.822454534,0.833828092,0.658474004
18_123,179.7,0.504239744,0.839382896,0.855317153,0.832322121,0.808497719
18_125,181.4,0.571541495,0.693371981,0.802710517,0.814390201,0.752381912
18_127,182.2,0.354946092,0.426143302,0.667804747,0.777304966,0.598096374
18_129,199,0.363547934,0.542972309,0.806843708,0.84768179,0.650384343
18_131,172.7,0.287004877,0.447567642,0.771685296,0.829822319,0.529418385
18_133,193.5,0.463333018,0.556681453,0.779361503,0.822226152,0.673377858
18_135,183.9,0.251679665,0.334070543,0.713006977,0.865275502,0.595569333
18_137,178.4,0.627670123,0.579788891,0.747842651,0.810768059,0.755458989
18_139,201.9,0.600187719,0.333864813,0.592269763,0.845951373,0.634642124
18_141,167.7,0.400205142,0.509937578,0.657887651,0.759577028,0.654116507
18_145,191,0.287226939,0.349727112,0.685165048,0.861672981,0.646327845
18_147,182.7,0.449138512,0.558206854,0.816467897,0.816550557,0.730680837
18_149,156.8,0.386766569,0.574287459,0.754280506,0.785366197,0.597393768
18_151,145.6,0.431165395,0.502333624,0.637110899,0.785032322,0.645069698
18_153,182.9,0.451115858,0.533450622,0.767258408,0.822220872,0.66631591
18_155,182.2,0.737778081,0.782270086,0.763609651,0.822375911,0.806900548
18_157,207.1,0.295249214,0.458913584,0.771347143,0.834141367,0.587913207
18_159,216.7,0.181149349,0.357387554,0.756452722,0.86509062,0.603328257
18_161,208.9,0.34922252,0.42101818,0.709920534,0.874084035,0.649528464
18_163,204.7,0.448306008,0.543175206,0.722627622,0.792424541,0.652246952
18_165,188.8,0.403757418,0.553098681,0.771368007,0.829516137,0.599908133
18_167,176.7,0.494294158,0.572077504,0.748291642,0.791047968,0.665899976
18_169,174.2,0.261580274,0.41994994,0.7014185,0.802349623,0.61887256
18_171,206.6,0.290608219,0.497802658,0.775232504,0.838003383,0.560416833
18_173,176.9,0.54216205,0.65243703,0.815623016,0.814469625,0.748009876
18_175,172.9,0.493694879,0.701500532,0.806682903,0.841809146,0.783395322
18_177,186.6,0.412334083,0.467312251,0.740809262,0.853425407,0.646559816
18_179,188.5,0.377192162,0.330059443,0.623581302,0.853440812,0.631026054
18_181,178.5,0.238263577,0.45480048,0.790883273,0.849375171,0.486355356
18_183,159.6,0.377192162,0.436068838,0.645904455,0.779118682,0.677703452
19_1,169.7,0.419985796,0.509839788,0.759935856,0.720890158,0.505651229
19_3,174.2,0.486133891,0.540728311,0.752123332,0.755946814,0.579995501
19_5,197.4,0.443524765,0.637465733,0.832373696,0.81638985,0.693113614
19_7,145,0.377192162,0.723380093,0.73002383,0.70713056,0.629149
19_9,171.7,0.287079728,0.361143188,0.822299339,0.743921544,0.403532438
19_11,145.6,0.302711844,0.400108074,0.822107345,0.763469121,0.591734213
19_13,170.8,0.377192162,0.480473336,0.794949527,0.798863611,0.658166766
19_15,161.6,0.279277639,0.467080823,0.81831244,0.779210012,0.443230489
19_17,188.7,0.377192162,0.480473336,0.818235338,0.814570342,0.689346649
19_19,189.3,0.275202025,0.380999408,0.822561717,0.814400782,0.630796181
19_21,184.9,0.261855241,0.308287667,0.847675483,0.808510145,0.599456079
19_23,193.9,0.377192162,0.360757692,0.830035827,0.818482712,0.60759769
19_25,160.5,0.263682052,0.384572333,0.837774802,0.72857881,0.287917965
19_27,151.4,0.26357266,0.369399354,0.826029282,0.759682386,0.599456079
19_29,178.5,0.349962192,0.41178495,0.790766548,0.748236428,0.447435604
19_31,154.1,0.279077242,0.373269893,0.826010732,0.810382529,0.634627903
19_33,183.6,0.232297157,0.347641038,0.81060698,0.832226987,0.613111471
19_35,186.8,0.28318302,0.353343367,0.845672555,0.822406519,0.447237399
19_37,186.8,0.377192162,0.480473336,0.833779391,0.822206429,0.618110639
19_39,156.1,0.44284021,0.685424474,0.736378423,0.740512908,0.62309792
19_41,169.1,0.277553087,0.308569441,0.839764627,0.814621222,0.170857817
19_43,192.1,0.428180503,0.571971251,0.849602544,0.826104417,0.693101797
19_45,179.4,0.287187271,0.362938009,0.808919183,0.79278941,0.613495072
19_47,182.3,0.271482818,0.357325321,0.845652381,0.791007029,0.599456079
19_49,140.5,0.322563406,0.494215915,0.775309596,0.740085765,0.450955639
19_51,170.9,0.56074152,0.685645999,0.751942055,0.712911966,0.623150807
19_53,160.2,0.584100246,0.736382902,0.77520359,0.747063518,0.666195373
19_55,191.5,0.302615223,0.419693825,0.8466932,0.822339787,0.646742535
19_57,191.3,0.376976325,0.503600666,0.793008177,0.808573106,0.56465184
19_59,183.2,0.279375838,0.316658124,0.824257537,0.82401835,0.182234684
19_61,198.3,0.420163627,0.487866062,0.831958636,0.816310939,0.705126097
19_63,187.2,0.259928027,0.29893928,0.845664377,0.837824975,0.599456079
19_65,181.1,0.345579924,0.477989798,0.822273529,0.826212391,0.681683222
19_67,188.5,0.210007349,0.341744147,0.833910256,0.830212055,0.583696446
19_69,181.1,0.216630545,0.32630174,0.834834353,0.814618703,0.533060437
19_71,195.9,0.322042125,0.439379543,0.822152247,0.806465096,0.564278756
19_73,154.6,0.243875834,0.450995127,0.81058725,0.771735257,0.43968441
19_75,183.7,0.377192162,0.411827234,0.830253696,0.830089106,0.681888128
19_77,152.2,0.388643089,0.498380902,0.759569777,0.720730849,0.498111218
19_79,167.2,0.224294404,0.373265546,0.80237332,0.785258802,0.451264924
19_81,201.2,0.216898641,0.326139946,0.853442574,0.853558077,0.685114483
19_83,156.6,0.20131414,0.44293636,0.814294817,0.783167684,0.548750498
19_85,181.2,0.306440722,0.419715808,0.845805327,0.775378869,0.384466987
19_87,173,0.400791198,0.556981358,0.790962395,0.802796114,0.58815144
19_89,189.7,0.377192162,0.478693745,0.841874593,0.818318545,0.614794036
19_91,189.5,0.236229954,0.33789263,0.845866377,0.830241509,0.502132745
19_93,189.3,0.275294491,0.346015883,0.845868012,0.787072073,0.362883449
19_95,151.9,0.372973131,0.474632982,0.814610612,0.752144479,0.564242019
19_97,186.7,0.458985339,0.533197666,0.800463174,0.794963782,0.709162202
19_101,168.3,0.443043218,0.579406989,0.771418397,0.782213507,0.630541375
19_103,162.2,0.392549799,0.481129928,0.791273966,0.759981659,0.591962906
19_105,172.6,0.337664943,0.423398062,0.81450729,0.798979788,0.689060999
19_107,164.4,0.37308828,0.576153002,0.775618313,0.747800632,0.548867542
19_109,191.5,0.240298887,0.306733452,0.849524892,0.83021083,0.603977962
19_111,175.3,0.490944142,0.558025485,0.777248175,0.808963015,0.638844681
19_113,165.9,0.357949321,0.447151496,0.77938736,0.76348325,0.603538351
19_115,182.6,0.349812968,0.51751079,0.790695732,0.822239058,0.599555138
19_117,150.1,0.377192162,0.728198565,0.767656127,0.74810391,0.650482555
19_119,198.1,0.275187048,0.337953024,0.857559314,0.86111503,0.467036093
19_121,172.9,0.524963681,0.642536586,0.763918219,0.74014674,0.599674606
19_123,181.8,0.377192162,0.638294099,0.767569425,0.763763914,0.5684209
19_129,183.2,0.334040148,0.427829462,0.827139775,0.79965479,0.53731832
19_131,204.5,0.201119909,0.451241649,0.829919209,0.838098536,0.673935065
19_133,179.4,0.298527134,0.408146013,0.838109152,0.810458009,0.443321507
19_135,156,0.377192162,0.760540806,0.771494354,0.740625407,0.689747404
19_137,185.6,0.353240594,0.431771735,0.809507727,0.767754746,0.478585066
19_139,173.8,0.334184766,0.458979642,0.793093805,0.794899757,0.564802152
19_141,200.6,0.263650384,0.337906716,0.853725212,0.861524297,0.361589807
19_143,186.3,0.267486373,0.318041843,0.853236907,0.861518258,0.392527645
19_145,182.6,0.392696553,0.447051609,0.810282277,0.80259818,0.548681404
19_147,182.1,0.275618482,0.324309926,0.855342346,0.81427089,0.599456079
19_151,187.3,0.255704079,0.310380793,0.8615625,0.814591027,0.599456079
19_153,151,0.400670929,0.605948455,0.729956998,0.651856501,0.52563239
19_155,177.3,0.298974685,0.380943788,0.830207196,0.75202126,0.435722706
19_157,139,0.377192162,0.627125124,0.834166574,0.767459176,0.595781313
19_159,160,0.654126716,0.665654281,0.763842174,0.752882885,0.650213285
19_161,161.9,0.263639181,0.349566221,0.826164104,0.763638408,0.599456079
19_163,182.3,0.29482597,0.386473852,0.800541925,0.785193793,0.566375517
19_165,191.6,0.255684315,0.353575823,0.853565499,0.779386603,0.383736974
19_167,203,0.275208648,0.365240643,0.849522334,0.838028957,0.415889233
19_169,149.2,0.26360797,0.513419072,0.802855734,0.755698967,0.49053677
19_171,133.5,0.377192162,0.480473336,0.810585022,0.763680974,0.650295481
19_173,167.2,0.541618547,0.584208255,0.776455448,0.77255454,0.631116992
19_175,180.7,0.462873211,0.611175268,0.759769179,0.748193994,0.603245269
19_177,154.4,0.579570357,0.69732893,0.786821108,0.760840035,0.642731264
19_179,171.6,0.377447472,0.661599011,0.763658273,0.744016247,0.642394111
19_181,169,0.490345061,0.685884607,0.752149877,0.759663375,0.64632914
19_183,186.5,0.377133466,0.5334165,0.775341118,0.779253847,0.591315792
19_185,169.7,0.377192162,0.677358516,0.771339533,0.763675348,0.646656806
19_187,174,0.252121638,0.380855152,0.806689622,0.798691151,0.36145673
19_189,208.3,0.263726256,0.341500678,0.826241874,0.841812811,0.708721183
19_191,179.2,0.332937167,0.568225526,0.830063823,0.771471187,0.62281735
19_193,192.1,0.302829319,0.369176536,0.825950916,0.806609927,0.458839621
19_195,206.9,0.220893534,0.35366251,0.790889993,0.841957204,0.720746208
19_197,187.1,0.228355652,0.337917824,0.82240916,0.814708491,0.423527332
20_1,108.3,0.599451013,0.568697501,0.576262782,0.646481083,0.611406938
20_3,109.8,0.658498724,0.588093527,0.622932231,0.705185389,0.642443656
20_5,166.2,0.540616566,0.536500584,0.751900105,0.7597316,0.607164119
20_7,124.8,0.462692159,0.439394844,0.454982007,0.533296915,0.447455716
20_9,156.2,0.386755257,0.380568098,0.550807037,0.53490799,0.472584584
20_11,96,0.603699071,0.638766666,0.607298682,0.693638367,0.658409874
20_13,191.9,0.396198323,0.603633729,0.810788254,0.822229726,0.556259935
20_15,124.3,0.566560535,0.581927179,0.558600464,0.613330822,0.535006266
20_17,135.7,0.669928138,0.622922053,0.627118022,0.685545973,0.584160758
20_19,80.5,0.720843609,0.654071543,0.674832051,0.655254385,0.615319042
20_21,80.9,0.587589408,0.420084508,0.601203501,0.693581665,0.685166749
20_23,115.7,0.232380292,0.259625008,0.259705367,0.353141129,0.259789902
20_27,159,0.41775499,0.503695883,0.675330317,0.746084279,0.574523286
20_29,154.9,0.275393544,0.478575078,0.681845926,0.705261926,0.513730814
20_31,129.7,0.652710044,0.589764345,0.629075121,0.683932115,0.605977108
20_35,108,0.629048479,0.583934107,0.572397926,0.646360635,0.576120611
20_37,94.6,0.56839003,0.494315495,0.560083796,0.622703283,0.65407046
20_39,91,0.263396539,0.337948844,0.38481614,0.392765503,0.290909949
20_41,142,0.50988871,0.502247053,0.579879381,0.666018936,0.556766706
20_43,202.7,0.420105304,0.552433629,0.845639959,0.822330442,0.59927274
20_45,148.4,0.698876757,0.637170159,0.712992566,0.722724113,0.660030243
20_47,180.6,0.329781089,0.39293927,0.53327412,0.560436277,0.353453048
20_53,122,0.418090094,0.511515951,0.613226841,0.605591015,0.53498643
20_55,156.3,0.255907266,0.247819291,0.369012292,0.466644564,0.380634628
20_57,202.7,0.341793087,0.263774484,0.384698491,0.470844623,0.302688719
20_59,139.1,0.68904998,0.615091886,0.666390307,0.736375028,0.654409455
20_61,165.1,0.613258534,0.652064324,0.667573083,0.659757437,0.568668598
20_63,101,0.232214572,0.294933411,0.392545307,0.423796459,0.353679303
20_65,107.4,0.275341752,0.408396803,0.513593646,0.494199614,0.400452521
20_67,174.7,0.232328039,0.217105648,0.330030882,0.420093869,0.326313669
20_69,189,0.275699817,0.26354683,0.420051266,0.493985955,0.330069296
20_71,49.9,0.216867439,0.158194702,0.205020778,0.240523597,0.185611231
20_79,137.3,0.494334579,0.419863644,0.576168256,0.579698496,0.486271432
20_81,185.8,0.209206424,0.271168308,0.470677553,0.537338073,0.337929613
20_83,157,0.310697026,0.32217517,0.41232534,0.439691657,0.384684178
20_85,151.7,0.669755761,0.646226124,0.697304746,0.712752751,0.603465548
20_87,162.9,0.699330772,0.642452219,0.75176751,0.738098701,0.634642989
20_89,153.7,0.282870457,0.418027862,0.605284471,0.707037152,0.433442065
20_95,120.5,0.543009951,0.418055737,0.504279035,0.519322896,0.441644591
20_97,192.3,0.404516335,0.423566339,0.474610462,0.541098045,0.365287073
20_99,80.9,0.634458468,0.572120001,0.439491853,0.657936065,0.67760923
20_101,121.7,0.244146189,0.259805765,0.353454145,0.423737613,0.365552444
20_103,147.2,0.747991065,0.666059874,0.724553687,0.744236495,0.681674458
20_107,128.3,0.740537273,0.669009024,0.670128151,0.759977637,0.677681186
20_109,84.2,0.24007721,0.24522075,0.275200603,0.333923406,0.287009877
20_111,116.4,0.654314787,0.611116482,0.634498559,0.685627628,0.580195619
20_113,149.5,0.560442857,0.462930149,0.553018661,0.576224357,0.490323917
20_115,122.6,0.589786719,0.495852164,0.573578151,0.628824813,0.535123865
20_119,201.5,0.337944292,0.306687288,0.298858053,0.439301586,0.306726323
20_121,136.8,0.745981235,0.674121184,0.673642383,0.738313199,0.681360314
20_123,150.3,0.317200275,0.378724569,0.644835759,0.660074064,0.527659849
20_125,105.6,0.644436487,0.604587023,0.660030952,0.676293821,0.660156835
20_127,143.3,0.644523006,0.613825271,0.644604354,0.668119358,0.540946231
20_129,184.7,0.163057691,0.157998129,0.232323138,0.400161206,0.333832129
20_131,175.7,0.451633702,0.583881689,0.748145715,0.771625003,0.509535502
20_133,95.5,0.606999852,0.591957726,0.592135558,0.611315043,0.62733627
20_135,105.4,0.283231551,0.310473689,0.392575242,0.470608359,0.423647318
20_137,90.1,0.279292131,0.392643949,0.462723135,0.490477754,0.341737987
20_139,132.3,0.675828431,0.621116585,0.654377175,0.714838056,0.630912932
20_141,110.1,0.283040851,0.412189343,0.60730324,0.607355361,0.513609283
20_143,163,0.39642239,0.513721118,0.63475811,0.662164868,0.552603766
20_145,163.2,0.342012458,0.357654829,0.537119817,0.510103468,0.423706388
20_147,93,0.324311567,0.426659555,0.488227813,0.527587853,0.363104834
20_149,164.7,0.62114614,0.652498978,0.683834699,0.683472155,0.543001377
20_151,175,0.412122491,0.349445008,0.486399288,0.552748101,0.376921955
20_153,74.4,0.263931607,0.290922465,0.294908009,0.322026473,0.25196544
20_155,157.9,0.496316614,0.417907921,0.558673343,0.566442348,0.449291642
20_157,167.4,0.306727107,0.478599471,0.724624005,0.76375094,0.443285683
20_159,129,0.474796664,0.388536638,0.556722562,0.591784306,0.494013529
20_161,160.7,0.559217114,0.645346268,0.683401613,0.67558455,0.558793209
20_163,114.8,0.295050506,0.423473846,0.565947259,0.55061788,0.449307004
20_167,128.1,0.292665838,0.458914814,0.582402085,0.566665741,0.511582348
20_169,151.1,0.485946957,0.521537101,0.599466942,0.622890784,0.533144771
20_171,95,0.236322182,0.216796923,0.330036524,0.392213146,0.310643386
20_173,129.9,0.487928549,0.41026715,0.441348918,0.511427178,0.441332417
20_175,183.9,0.286711423,0.27901475,0.33399508,0.482322808,0.337850085
20_177,154.4,0.662028632,0.638513544,0.697297221,0.712407784,0.615181588
20_181,104.8,0.201239645,0.248011849,0.353673378,0.400535717,0.279116119
20_183,124,0.2481323,0.368946535,0.544943153,0.642570203,0.376546047
20_185,142.9,0.419795328,0.416032406,0.597816162,0.573756181,0.435640213
20_187,138.3,0.150463719,0.141568795,0.181607757,0.31832197,0.282992071
20_189,170.3,0.224833765,0.263891413,0.341906226,0.458825811,0.392551883
20_191,94.9,0.533237879,0.314394622,0.38090076,0.552701457,0.466886712
20_193,114.5,0.18966092,0.248024444,0.451149674,0.506317626,0.346037269
20_195,104.4,0.27520602,0.353418004,0.449360724,0.464714288,0.419725291
20_197,149,0.669833014,0.673994196,0.681613562,0.681416524,0.564371143
20_201,156.7,0.368735127,0.525463668,0.720760746,0.736207723,0.501764119
20_203,91.4,0.228475252,0.193625775,0.26782741,0.3613402,0.263642537
20_205,100.8,0.608172643,0.576248589,0.626868541,0.626734272,0.595591566
20_207,91.7,0.667686346,0.619565001,0.652207906,0.659971146,0.582196769
27_1,134.3,0.464858653,0.777450773,0.863391917,0.838044032,0.738167705
27_3,153.1,0.486705269,0.683349443,0.722772803,0.75387329,0.629025149
27_5,155.4,0.394427246,0.683800892,0.832127793,0.808915323,0.63699096
27_7,122.5,0.417769563,0.738171972,0.793402324,0.800790915,0.714762465
27_9,187.1,0.392937902,0.520148847,0.756438951,0.840164814,0.478350547
27_11,186,0.23820228,0.386078403,0.770325067,0.808521729,0.486326506
27_13,199.2,0.269315337,0.386935912,0.824119878,0.855480941,0.532991698
27_15,204.7,0.279107288,0.369296171,0.849740043,0.853641605,0.624956012
27_19,201.2,0.377192162,0.56433371,0.707257698,0.738573396,0.521574736
27_21,155.7,0.425987781,0.777426335,0.839814554,0.832076013,0.707292509
27_25,172.2,0.427606642,0.682912738,0.80091112,0.808309174,0.637115578
27_27,166.7,0.244167525,0.431561186,0.775636789,0.76335301,0.420158077
27_29,154.8,0.435648835,0.754443169,0.847841127,0.816526224,0.715162831
27_33,205.1,0.284902997,0.338176251,0.861270479,0.857426085,0.568584314
27_35,146.2,0.449017065,0.761799806,0.816341828,0.801090592,0.730791342
27_37,187.2,0.305694825,0.551122936,0.714839408,0.777479746,0.552561781
27_39,210.4,0.224582146,0.353471145,0.818276458,0.861224796,0.658137495
27_41,185.4,0.355525678,0.535120568,0.784955306,0.76196575,0.519915804
27_43,216,0.263779493,0.337782344,0.785066838,0.861405598,0.654310476
27_45,193.4,0.377192162,0.603419119,0.834046544,0.814606159,0.701128265
27_47,203.1,0.279389119,0.370834142,0.785128025,0.855230105,0.722513749
27_49,199.1,0.283006852,0.496384309,0.785665682,0.847794613,0.589711354
27_51,177,0.246409996,0.402613014,0.840187148,0.730561226,0.388601421
27_53,197.7,0.497862071,0.637038969,0.652073698,0.699203466,0.548881387
27_55,188.4,0.443620342,0.691377496,0.822176807,0.802777977,0.732259002
27_57,130.3,0.455121519,0.769441675,0.83968752,0.839809882,0.724682173
27_59,154.9,0.43359367,0.646437259,0.784803384,0.800820272,0.587859645
27_61,119.6,0.457361681,0.800787037,0.863300848,0.832126813,0.714845283
27_63,197.1,0.269712962,0.316337564,0.848025237,0.847643478,0.380923365
27_67,193.2,0.340006938,0.472849657,0.808652131,0.815872338,0.439070567
27_69,123,0.239134186,0.45897048,0.75182704,0.709034986,0.556862075
27_73,183.4,0.277102064,0.416092942,0.80871774,0.832450429,0.466553149
27_79,200,0.246537402,0.472991807,0.801011554,0.808770769,0.607724891
27_81,183,0.379074531,0.427737456,0.777436939,0.769705066,0.568290505
27_83,206.3,0.315720639,0.40805532,0.847919138,0.839770962,0.503783114
27_85,185.7,0.342166203,0.433838629,0.78454366,0.832001952,0.338374068
27_87,149.7,0.346035162,0.636745666,0.84756548,0.808549401,0.558454926
27_89,121.7,0.232418703,0.494051894,0.74598527,0.707283329,0.527609957
27_91,204.5,0.263551984,0.333747541,0.863369115,0.855592423,0.599456079
27_93,189.1,0.355788585,0.441928199,0.808647834,0.840015544,0.439298738
27_95,153.4,0.480685204,0.71455256,0.823778125,0.838123343,0.504564915
27_97,178.1,0.425704669,0.65801724,0.800994357,0.839632352,0.613161648
27_99,202.7,0.235959079,0.416295031,0.814651095,0.84551302,0.674047875
27_101,195.4,0.300536464,0.34201688,0.83220182,0.849590048,0.556520333
27_103,207,0.275036396,0.379032446,0.82238543,0.837602816,0.392936939
27_105,186,0.28506366,0.329956359,0.847504347,0.855622502,0.439352709
27_107,150.1,0.22845749,0.396537274,0.747845841,0.748136946,0.399934886
27_109,199.5,0.291706614,0.587524076,0.818487846,0.814425254,0.681771541
27_111,178.3,0.340066435,0.574627163,0.80858434,0.777365397,0.566167126
27_115,164.1,0.451095635,0.808651689,0.816458121,0.837931263,0.714780487
27_117,190.2,0.345644356,0.369553264,0.802761947,0.818365444,0.513898747
27_119,141.9,0.220562022,0.448962604,0.777424756,0.722741941,0.449308579
27_121,180.5,0.332057138,0.480467397,0.80079671,0.792834386,0.37689424
27_125,144.5,0.243753789,0.505382437,0.767643957,0.709133182,0.447101567
27_127,202.8,0.263632678,0.392723821,0.869105298,0.861280189,0.611522731
27_129,199.3,0.263674719,0.378854785,0.847423608,0.847644442,0.58016668
27_131,196.2,0.158738716,0.51984108,0.801017092,0.831995136,0.677755304
27_133,196.4,0.295405759,0.330070522,0.853641559,0.84951717,0.490254912
27_135,122.6,0.292876522,0.559044639,0.754087479,0.738652206,0.613848491
27_139,199.8,0.377192162,0.613029276,0.746126166,0.785261562,0.596138587
27_141,180.9,0.454986092,0.630981938,0.556436855,0.800247838,0.541447794
27_143,199.5,0.276917959,0.38702191,0.787536407,0.8086927,0.439506752
27_145,187.3,0.402599564,0.574372195,0.793157088,0.832001575,0.501899198
27_147,203,0.24041109,0.380726439,0.814482042,0.853482721,0.712740897
27_149,189.7,0.246220321,0.38451771,0.8092729,0.808346543,0.441567134
27_151,194.2,0.269298025,0.425865304,0.833856162,0.847622637,0.408156465
27_153,162.1,0.409890879,0.654389559,0.800891795,0.808665225,0.636107755
27_155,176.9,0.230522509,0.355583463,0.793141695,0.808558497,0.448919782
27_157,206.5,0.345826153,0.644278138,0.800602158,0.847668201,0.667545126
27_159,163,0.396434074,0.669992691,0.802669938,0.806627327,0.646406921
27_161,205.5,0.235867548,0.386574028,0.814729594,0.855475984,0.697450431
27_163,196.3,0.481061386,0.691512591,0.769424198,0.777413,0.628576872
27_165,209.1,0.267769013,0.347831813,0.863656155,0.8633992,0.599456079
27_167,156.1,0.220640074,0.411909849,0.767685174,0.756032607,0.32974115
27_169,198.1,0.477940649,0.70631385,0.800515738,0.816691603,0.715072263
27_171,203.2,0.44200792,0.558335141,0.707148718,0.831972452,0.474763475
27_173,179,0.294696516,0.419876892,0.834058861,0.822319782,0.43547739
29_1,176.1,0.658027526,0.759791223,0.732406984,0.716908367,0.712914227
29_3,174.2,0.584662073,0.571961088,0.791237687,0.790903146,0.646683828
29_5,206.6,0.316627842,0.517820254,0.845843949,0.837684686,0.533380338
29_7,178.1,0.494304024,0.455043857,0.654333038,0.80704775,0.689247738
29_9,101.5,0.787242819,0.763774004,0.786275329,0.697333792,0.603664221
29_11,102.8,0.525610049,0.490359225,0.740630136,0.704887458,0.650358858
29_13,156.7,0.377192162,0.619599108,0.740630136,0.775413166,0.670236806
29_15,150.2,0.751828134,0.80839086,0.756368822,0.769956655,0.677971783
29_17,179.9,0.826068852,0.818299767,0.748116928,0.807658025,0.787140553
29_19,158.3,0.72452755,0.748562629,0.724587666,0.783254428,0.736481145
29_21,182.4,0.580225045,0.583793435,0.795001146,0.791106327,0.654148438
29_23,174.5,0.521508941,0.559948965,0.681994992,0.802830842,0.720573356
29_25,164.8,0.377192162,0.658079985,0.72448985,0.763722187,0.735433859
29_27,149.6,0.744294247,0.775380337,0.751898564,0.782870724,0.748068705
29_31,174.8,0.652747435,0.66026403,0.738207314,0.777023035,0.74044971
29_33,175.7,0.377192162,0.603946553,0.740630136,0.779125693,0.724818377
29_37,153.2,0.63573426,0.658298397,0.693231978,0.740341195,0.716849567
29_39,140,0.717025362,0.769603231,0.740630136,0.714856397,0.697185633
29_41,174.8,0.540655585,0.597099284,0.697516316,0.761414266,0.714593349
29_43,91.9,0.771598245,0.790851882,0.744709013,0.689185286,0.650646145
29_45,174.1,0.579955431,0.637581245,0.769924039,0.792796905,0.693194514
29_47,188.2,0.700844213,0.665769987,0.689039512,0.738758472,0.708379553
29_49,183.6,0.630888224,0.614857271,0.763926477,0.800932153,0.685676252
29_51,152.3,0.77158092,0.759920631,0.728263853,0.7638651,0.732173277
29_53,165.2,0.685819149,0.646856846,0.697644115,0.802876231,0.72446076
29_57,103.5,0.736314595,0.722991478,0.740630136,0.714630896,0.638503979
29_59,109.5,0.685627439,0.809573008,0.759693722,0.728639202,0.714012541
29_61,161.9,0.674983327,0.59933825,0.747850189,0.771376395,0.728670816
29_63,173.9,0.678165308,0.630673414,0.751928621,0.782248103,0.681461541
29_69,190.4,0.275481059,0.310494574,0.599677693,0.732687666,0.716942137
29_71,162.2,0.740011577,0.794696561,0.697150268,0.785170414,0.712904369
29_73,149.8,0.791215122,0.814481227,0.728430821,0.755708726,0.732289512
29_75,160.4,0.689066776,0.68165802,0.744098763,0.782364024,0.690664261
29_77,88.7,0.755732139,0.763667659,0.700964358,0.641987632,0.603459873
29_79,159.2,0.377192162,0.560978077,0.716970371,0.732370016,0.736383881
29_81,165.3,0.743683593,0.689136538,0.755871454,0.751901197,0.658303776
29_83,147.6,0.377192162,0.715287293,0.740630136,0.769457494,0.681678941
29_85,93.6,0.689643968,0.814299687,0.712830471,0.785147636,0.720845728
29_87,204.5,0.371196787,0.532800471,0.838098198,0.818291644,0.556346548
29_89,170.4,0.685576245,0.697157717,0.76757206,0.803098728,0.73638113
29_95,175.7,0.615327297,0.636560282,0.569056318,0.674153896,0.673960844
29_97,106.8,0.677525537,0.584249266,0.740630136,0.71664167,0.627367561
29_99,149.3,0.7949719,0.798914676,0.738339668,0.808561631,0.708969265
29_101,151.7,0.377192162,0.708657854,0.740630136,0.767749449,0.763647302
29_103,168.4,0.580114507,0.603375449,0.724736414,0.78711369,0.669725319
29_105,159.7,0.679473102,0.810589374,0.755834559,0.701098558,0.712911743
29_107,198.9,0.377192162,0.583893117,0.740630136,0.752095018,0.697222397
29_109,99.6,0.756059369,0.724235639,0.575571477,0.638753775,0.557628427
29_111,169,0.56428824,0.57411629,0.737683721,0.793322857,0.666239353
29_113,162.4,0.677740523,0.67653359,0.675687485,0.792860482,0.705345427
29_115,169.3,0.377192162,0.701104045,0.732306492,0.712755978,0.709024269
29_117,172.6,0.377192162,0.583719626,0.693335704,0.764034926,0.743967226
29_121,163.8,0.660758144,0.722344165,0.699156652,0.769573801,0.683548355
29_125,132.6,0.756236548,0.806584528,0.794742195,0.763450493,0.741146093
29_127,170.3,0.587771156,0.566293681,0.698084577,0.808358815,0.669509564
29_129,153.9,0.377192162,0.70890833,0.79096915,0.693845634,0.596125484
29_131,133.3,0.777356777,0.806580557,0.717189172,0.771618002,0.736133763
29_133,184.5,0.331568511,0.410467566,0.636868847,0.816287357,0.783261679
29_135,143.4,0.771210938,0.736118918,0.650495596,0.767892935,0.720695362
29_137,165.1,0.629029275,0.61367672,0.706532813,0.769946084,0.699218222
29_139,158.8,0.670143029,0.641805912,0.650768171,0.791230558,0.704953421
29_141,144.9,0.769871748,0.793105354,0.675213769,0.795035494,0.724483547
29_143,185.3,0.245978919,0.371160977,0.675342463,0.793615241,0.753449384
29_145,102.3,0.736377482,0.673903513,0.724858437,0.673308317,0.607635428
29_151,158.5,0.798671518,0.787186553,0.783111439,0.755786942,0.732405779
29_155,176.6,0.230577004,0.285167639,0.628758776,0.761566716,0.753690613
29_157,177.9,0.730563216,0.707185765,0.754059486,0.783357345,0.740532935
29_159,153.2,0.803237049,0.646228693,0.522891848,0.767668576,0.75967317
29_163,166,0.639050322,0.667124,0.675631242,0.800990472,0.701186852
29_165,186.8,0.650849444,0.623571529,0.768108084,0.783118968,0.681451175
29_167,144,0.755776794,0.785307652,0.674350687,0.73246866,0.701030101
29_173,168.2,0.58166322,0.590621194,0.675635531,0.80854086,0.685578692
29_175,154.9,0.691694246,0.699718027,0.613482295,0.769635054,0.714951978
29_177,186.6,0.377192162,0.677886121,0.740630136,0.744033295,0.744203904
29_183,184.6,0.558563588,0.582178029,0.628992348,0.761220839,0.587536437
29_185,119.1,0.658707107,0.785117076,0.740630136,0.777132519,0.693433827
29_186,161.6,0.824513415,0.808250656,0.666833474,0.823884004,0.732430462
29_187,179.4,0.826257829,0.818215544,0.693622412,0.822244066,0.759653242
29_189,193.9,0.615556558,0.623120409,0.590190579,0.628555649,0.556217555
29_195,197.6,0.373698116,0.595528722,0.783425307,0.790925289,0.708956136
29_199,155.2,0.552701279,0.642904315,0.767504896,0.754576853,0.626896264
29_201,183.5,0.426085624,0.511993414,0.675820836,0.755501985,0.697076419
29_205,173.9,0.565209648,0.560329718,0.708631711,0.819299624,0.673757457
29_207,175.1,0.357195094,0.532783033,0.720523636,0.783283395,0.717057334
29_211,151.5,0.377192162,0.78327631,0.787190427,0.720710691,0.720594971
29_215,104.3,0.377192162,0.829981302,0.791062092,0.755954394,0.727545104
29_217,110.2,0.536744396,0.607511265,0.740630136,0.685718375,0.646649564
29_219,165.4,0.75176015,0.779738975,0.724369914,0.806532246,0.724793411
29_227,164,0.721449495,0.74760407,0.778314857,0.768453892,0.680515478
31_1,200.6,0.377192162,0.345826988,0.720587331,0.794914032,0.415759051
31_11,204.2,0.377192162,0.365454732,0.783341669,0.841585243,0.548347032
31_13,139.5,0.353405718,0.337878442,0.30645056,0.307072564,0.232379716
31_15,160.4,0.314629969,0.607253511,0.6839027,0.660302456,0.527535575
31_17,215.5,0.294733663,0.49394714,0.517445943,0.513624131,0.400441298
31_19,205.8,0.333905449,0.462931816,0.669692502,0.712779368,0.4358717
31_21,180.9,0.255635217,0.357609335,0.814557264,0.802881817,0.409295199
31_23,179.8,0.263611033,0.388659259,0.802421104,0.826362621,0.411776143
31_25,194.4,0.302339432,0.408243392,0.795067424,0.822256397,0.564294804
31_27,190.5,0.377192162,0.394338331,0.769670649,0.769666798,0.613088491
31_29,155.5,0.236196315,0.330174361,0.396820538,0.478694672,0.334001796
31_33,92.4,0.233201578,0.318335535,0.243978784,0.232341642,0.181609655
31_35,197.8,0.162990853,0.377185291,0.771226842,0.841597712,0.446944086
31_37,190.6,0.271089854,0.368914883,0.794839751,0.822258386,0.474746303
31_39,179.7,0.263537717,0.357360105,0.787093649,0.803075519,0.459228
31_41,201.7,0.365182604,0.552682083,0.595742757,0.622808619,0.470694143
31_43,206.5,0.26425096,0.349907006,0.818608911,0.834029504,0.576034331
31_45,93.4,0.441715562,0.378903716,0.292805727,0.26159335,0.230639532
31_47,199.5,0.331705082,0.512164377,0.636695365,0.674977552,0.433666364
31_49,85.1,0.236674123,0.310439638,0.251686126,0.263955256,0.216966713
31_51,180.6,0.262324863,0.33227135,0.808659137,0.792960325,0.597400406
31_53,182.5,0.25212723,0.385263511,0.818091054,0.829893076,0.45865553
31_55,186.5,0.459060125,0.482420238,0.596069551,0.5765934,0.427945939
31_57,125.9,0.240277078,0.302642186,0.31824835,0.439257991,0.337632193
31_59,197.2,0.173845818,0.380916357,0.775221055,0.845794476,0.447219401
31_61,172.5,0.224321162,0.427906554,0.595680187,0.666042178,0.404228376
31_63,144.8,0.279164208,0.459090872,0.525824,0.505721131,0.310528206
31_65,137,0.267616122,0.39251305,0.556578304,0.58418446,0.330113616
31_67,163.5,0.294958972,0.447129003,0.763781117,0.791181971,0.435437843
31_69,65.5,0.21450194,0.357432793,0.318313629,0.302727486,0.247997627
31_71,189.3,0.306814915,0.545137274,0.535277185,0.56435578,0.470528847
31_73,202.8,0.279527819,0.433327811,0.621290652,0.644358495,0.378369851
31_77,204.5,0.326280697,0.506223373,0.634969069,0.662077577,0.482489688
31_79,202.9,0.377192162,0.404096351,0.712997973,0.783286388,0.470395074
31_81,228,0.377192162,0.376830833,0.78312461,0.849627962,0.493949298
31_83,182,0.263363635,0.402595642,0.613679613,0.659947128,0.386802025
31_85,126.6,0.283196621,0.38472017,0.416057939,0.423819855,0.298771776
31_87,97.4,0.259705592,0.33257119,0.355602582,0.34704431,0.261765046
31_89,196.2,0.353566361,0.576460024,0.658286687,0.630917019,0.521350313
31_93,191.7,0.338653913,0.478618755,0.650400535,0.709063759,0.471039088
31_95,175.4,0.251727651,0.458648522,0.752118843,0.787038711,0.482285442
31_97,153.6,0.415925345,0.56073209,0.748151138,0.736512905,0.494174418
31_99,209.4,0.208740218,0.326299465,0.693095954,0.790831673,0.435787665
31_101,137.1,0.246015741,0.402416224,0.386459753,0.410376723,0.31630362
31_103,166.4,0.37292478,0.584037927,0.61542478,0.587855857,0.435664613
31_107,202.6,0.232157066,0.550580122,0.730349647,0.675746641,0.574076686
31_109,168,0.371155212,0.471200053,0.755719884,0.787387672,0.47437456
31_111,157.4,0.308540346,0.44142996,0.441142465,0.47259529,0.370838271
31_113,203.2,0.322254341,0.490125621,0.470480969,0.505859889,0.377069954
31_115,171.2,0.306613466,0.541081269,0.542971228,0.564523332,0.4473176
31_119,198.6,0.377192162,0.349584927,0.752322814,0.799125672,0.521593321
31_121,190.1,0.377192162,0.423650999,0.705250022,0.779084932,0.478395834
31_123,160.4,0.377192162,0.355535435,0.30042425,0.270021793,0.228368839
31_125,190.8,0.377192162,0.470775108,0.670165623,0.76750469,0.49401237
31_127,178,0.347200682,0.541112107,0.787089462,0.802664743,0.506327145
31_129,179.9,0.17741935,0.408254693,0.740004364,0.798677943,0.400274508
31_131,176.8,0.330248957,0.447114359,0.79892204,0.798903441,0.51746924
31_133,160.5,0.454961797,0.560518811,0.728474934,0.746980429,0.494003431
31_135,115.3,0.216521914,0.302800551,0.454885109,0.548987098,0.345571612
31_137,231.1,0.212734494,0.353585833,0.759941921,0.814429972,0.521376553
31_139,203.4,0.377192162,0.380569211,0.81073031,0.818638244,0.552787705
31_141,192.9,0.329131365,0.361300723,0.77786157,0.824301835,0.47477812
31_143,203.9,0.20660843,0.396452428,0.748451344,0.845840296,0.431997813
31_145,139.1,0.263520025,0.400538801,0.509815627,0.513485672,0.318505298
31_147,189.5,0.380495067,0.587823466,0.814456807,0.814643891,0.501869947
31_149,183.6,0.326132241,0.537152787,0.583835072,0.587943744,0.474406329
31_151,186.1,0.228565601,0.42769228,0.779462448,0.818428128,0.462936824
31_153,202.1,0.380005439,0.427668598,0.69311974,0.692711696,0.490199526
31_155,189.1,0.275194881,0.392385895,0.794868889,0.826081007,0.419948277
31_157,142,0.363538386,0.332337275,0.386045075,0.386426797,0.277065754
31_159,187.4,0.264200978,0.404078855,0.787161959,0.810536884,0.474747224
31_161,150.9,0.238304381,0.380836401,0.33992088,0.308573286,0.261612032
31_163,196.9,0.339240805,0.526911514,0.6286221,0.636862146,0.456548107
31_165,153.9,0.330177404,0.322438197,0.275323715,0.232496617,0.205080759
31_167,170.9,0.260351924,0.384659894,0.72056221,0.783007504,0.470834093
31_169,195,0.217047344,0.408309747,0.775220573,0.80657108,0.455100052
31_173,169.6,0.27932895,0.357509412,0.802494503,0.81434755,0.482463274
31_175,196,0.341494867,0.564514622,0.654374711,0.689522446,0.521630602
31_177,174,0.299172782,0.392333892,0.810539864,0.782831777,0.404071581
31_179,193.4,0.220701408,0.318720093,0.787024654,0.834180629,0.478431679
31_181,173.1,0.377192162,0.427760563,0.642664364,0.6739026,0.381013053
31_183,217.6,0.310374408,0.525469714,0.595283287,0.588148128,0.497746825
31_185,224.6,0.151422253,0.392520128,0.787051005,0.857489645,0.4979159
38_1,45.7,0.349634497,0.43957405,0.560454457,0.423623152,0.329919739
38_3,151.8,0.246047417,0.347759493,0.589749977,0.61275044,0.441026611
38_5,134.2,0.214767178,0.51143335,0.684022705,0.652735226,0.394379911
38_7,76.8,0.353562729,0.480473336,0.412129764,0.369262363,0.319357063
38_9,98.4,0.212853824,0.339721162,0.714774289,0.712908315,0.361222129
38_11,73.3,0.394401744,0.449410917,0.403894911,0.322216558,0.29487955
38_15,94.8,0.35496008,0.503930034,0.636518914,0.574350872,0.38669978
38_17,168,0.216738638,0.283211405,0.654142252,0.681632774,0.384673089
38_21,172.2,0.324103212,0.423975905,0.650602876,0.627253745,0.556810252
38_25,82.4,0.339725984,0.480479274,0.574276868,0.51152908,0.386689997
38_27,132.5,0.25414743,0.512133855,0.636753528,0.659820957,0.418575415
38_29,117.2,0.386230797,0.480583574,0.605461786,0.565975193,0.379061619
38_31,141.8,0.208984398,0.362613976,0.55857706,0.605578213,0.386599772
38_35,145.1,0.224534143,0.379091213,0.652477105,0.620836998,0.41015237
38_37,63.3,0.394779962,0.465148731,0.572254045,0.472730632,0.355532118
38_39,163.3,0.269695552,0.449334755,0.581829239,0.636761278,0.394423333
38_41,70.9,0.279180768,0.439594278,0.626968951,0.388394807,0.268520442
38_43,116.6,0.331747472,0.53515779,0.613022738,0.59009261,0.464562055
38_45,170.7,0.292710238,0.363242522,0.581828433,0.603634278,0.535347555
38_47,116.7,0.433525241,0.519758947,0.590012373,0.59753117,0.425609238
38_49,105.1,0.28488247,0.449173453,0.683695476,0.636917605,0.409922581
38_51,115,0.394483367,0.49648262,0.597324173,0.620771245,0.402374534
38_55,110.2,0.244221093,0.465146674,0.667870077,0.511632044,0.300887285
38_57,104.2,0.340206119,0.496190065,0.613248534,0.535163463,0.37923429
38_59,93.4,0.378945665,0.503964432,0.621388732,0.519525129,0.379002652
38_61,111.1,0.29279216,0.425757192,0.660144375,0.496283363,0.308765797
38_63,122.1,0.213033814,0.418194101,0.636638699,0.597380283,0.402991162
38_65,88.8,0.36109503,0.525283722,0.619289866,0.511683155,0.376900395
38_67,166.9,0.20988258,0.447356298,0.783221234,0.665769589,0.392400876
38_69,115.4,0.230235277,0.480704104,0.652507035,0.581984374,0.355493439
38_71,129.8,0.183627529,0.348229592,0.691485445,0.59736554,0.331595933
38_73,183.4,0.275311494,0.455055808,0.71676708,0.693346762,0.54105214
38_75,112.2,0.206999867,0.316207299,0.738044251,0.652351905,0.298935958
38_77,187.6,0.245974033,0.410370289,0.777755233,0.769439389,0.41595009
38_81,183.1,0.246191188,0.402602639,0.714815641,0.699070427,0.566136096
38_83,111.2,0.255511416,0.511959951,0.660144053,0.605435154,0.394406587
38_87,63.7,0.380869274,0.439703668,0.415735443,0.330189638,0.294984068
38_89,66.3,0.34169594,0.482386664,0.560513884,0.392577205,0.310573357
38_91,162.6,0.219796232,0.329844643,0.595913246,0.689506346,0.365223979
38_93,146.9,0.2537593,0.371131242,0.558332236,0.597453011,0.409971573
38_95,79.1,0.183618806,0.33977742,0.738571343,0.668411561,0.339877157
38_97,174,0.220745525,0.267828579,0.630484108,0.685957764,0.365485521
38_99,144.9,0.216733193,0.449306587,0.76196355,0.644734809,0.373046635
38_101,121,0.220596422,0.38478376,0.716942008,0.603513046,0.33018772
38_103,121.8,0.212975568,0.417859806,0.613011178,0.636760091,0.409845158
39_1,172.5,0.73657297,0.806270449,0.782818061,0.822129784,0.806285637
39_3,169.9,0.349657515,0.349664235,0.572234738,0.78695191,0.607779927
39_5,142.6,0.584235819,0.610875363,0.708962681,0.743774706,0.752413013
39_7,165.6,0.347770558,-0.066309484,0.504057263,0.348102325,0.440561965
39_9,151,0.779165912,0.861299196,0.845612868,0.844655417,0.826027546
39_11,172.8,0.318137149,0.322570487,0.568347975,0.795067219,0.564532167
39_15,178,0.761483539,0.58995345,0.704823362,0.853366144,0.775567074
39_17,167.2,0.568423886,0.607475166,0.607481418,0.736361067,0.580521141
39_19,125.1,0.767747641,0.480473336,0.755824328,0.79859345,0.759794813
39_21,168.7,0.365227631,0.353671548,0.638613607,0.810426847,0.619066703
39_23,183.6,0.472860586,0.433989376,0.63713332,0.769635794,0.650425377
39_27,199.8,0.377192162,0.329709036,0.712835573,0.830045825,0.732511063
39_29,138.5,0.701487546,0.480473336,0.756307664,0.775376037,0.767648229
39_31,161.8,0.712802884,0.830054506,0.829937062,0.830093406,0.8066029
39_33,190.8,0.377192162,0.302725943,0.670062828,0.686644393,0.712797481
39_37,195.8,0.25993843,0.322105999,0.630964795,0.849555908,0.584093047
39_39,136,0.341731167,0.341968061,0.47864581,0.705026847,0.54058555
39_41,173.1,0.480635426,0.519113211,0.67572656,0.731331258,0.708959786
39_43,164.6,0.377192162,-0.097715979,-0.059171853,-0.129915313,-0.160087014
39_45,181.2,0.54877297,0.513634682,0.747878519,0.822188066,0.732288809
39_47,180.9,0.309426176,0.259798588,0.705385797,0.810163674,0.623511538
39_49,167,0.5290634,0.542269861,0.566368278,0.532906764,0.603136681
39_51,164.2,0.29833685,0.352843186,0.587827822,0.786734167,0.587678788
39_53,161.5,0.752187017,0.826147707,0.775519522,0.837790971,0.82203468
39_55,157.6,0.779483695,0.831689534,0.802657152,0.76957676,0.795125164
39_57,186.9,0.513801322,0.447362673,0.70530742,0.740123071,0.654112426
39_59,152.5,0.775397968,0.865663633,0.837977097,0.798586435,0.794927572
39_61,180.1,0.591641869,0.68648035,0.622800693,0.662202732,0.611511741
39_63,171.2,0.3234554,0.29929465,0.580414887,0.793244232,0.638667735
39_65,159.7,0.357463746,0.314800471,0.544794616,0.790882226,0.704918817
39_67,140,0.814336548,0.480473336,0.810865271,0.771296224,0.783337544
39_69,158,0.287085738,0.306790075,0.545068783,0.748155902,0.505731248
39_71,184,0.377192162,0.572075848,0.756117426,0.837923807,0.779344671
39_75,147.6,0.674073966,0.744246887,0.779293004,0.787248526,0.764813296
39_77,164.3,0.377192162,0.389079118,0.635363204,0.783379206,0.747831041
39_79,152.8,0.755634802,0.837970489,0.783552282,0.830218365,0.814493088
39_81,133.5,0.806571126,0.480473336,0.806985153,0.78366445,0.79097623
39_83,165.9,0.564626594,0.623490024,0.767294647,0.829989466,0.743944622
39_85,122.7,-0.401768221,-0.043146245,-0.009780669,-0.081981282,-0.168145018
39_87,156.8,0.76386612,0.861324653,0.849623913,0.81848334,0.822522167
39_89,172.7,0.611439378,0.607387486,0.771084891,0.818513867,0.763840992
39_91,174.6,0.409662118,0.409685412,0.621069609,0.824375289,0.707135513
39_93,165.6,0.472020385,0.276849482,0.393101144,0.495660033,0.50508649
39_95,170.9,0.339634322,0.324242817,0.410222814,0.432173902,0.387167879
39_97,172.4,0.306721773,0.263736442,0.66228596,0.748199006,0.580240402
39_99,150.7,0.676131521,0.480473336,0.737929222,0.745779633,0.722695313
39_101,177.3,0.337172816,0.318358168,0.674042357,0.750994186,0.697140355
39_103,155.9,0.658055432,0.689359107,0.689505491,0.763658881,0.771662102
39_105,141.1,0.800717514,0.855090862,0.783086853,0.84138578,0.814700232
39_107,185.2,0.277473401,0.318143193,0.59574292,0.80280954,0.567739128
39_109,190.1,0.388636272,0.384751823,0.654340509,0.829952909,0.591955504
39_111,121,0.845535286,0.480473336,0.865586118,0.849546085,0.814434059
39_113,169.4,0.474779478,0.536757203,0.584067482,0.736608599,0.544623709
39_115,158.8,0.76365356,0.849593568,0.848806461,0.829822559,0.827175672
39_117,179.4,0.474507267,0.521791965,0.70104253,0.591952123,0.763696368
39_119,168.1,0.736457594,0.83764443,0.826146752,0.822485997,0.806681598
39_123,166.7,0.302648819,-0.083376189,-0.090000301,-0.199694682,-0.183547255
39_125,149.1,0.28706822,0.279128535,0.482680509,0.724605036,0.525079015
39_127,166.9,0.728156723,0.755675308,0.825949776,0.83403258,0.798969462
39_129,170.7,0.402674477,0.324682339,0.674233968,0.822512927,0.642567955
39_131,174.8,0.603515055,0.85746911,0.83789732,0.82750994,0.833881706
39_133,158.4,0.738680008,0.759894029,0.777480885,0.777324506,0.762254175
39_135,196.9,0.338067926,0.400460473,0.665972031,0.849675021,0.564475997
39_137,169.7,0.294725145,0.298836152,0.5645571,0.775142272,0.548731737
39_139,168.2,0.619134493,0.605048104,0.699271336,0.628436547,0.744149858
39_141,170.6,0.626770443,0.736166104,0.790704556,0.868541772,0.771501434
39_143,151.5,0.287819469,0.33203008,0.628990841,0.691013715,0.595742775
39_145,157.6,0.730638907,0.865411192,0.826051765,0.826071625,0.833943491
39_147,164.4,0.267365734,0.322464359,0.599766749,0.743808276,0.689567064
39_149,187.6,0.342185294,0.3222821,0.599497546,0.84193531,0.638799715
39_151,149,0.657923692,0.670061856,0.69705016,0.732112922,0.697582718
39_153,124.4,0.692428585,0.746475814,0.698521734,0.707230379,0.717362704
39_155,168.1,0.706914286,0.480473336,0.753682454,0.769716595,0.753895443
39_157,141.9,0.691363627,0.807008962,0.80107348,0.786838363,0.771407551
39_159,179,0.357521604,0.349476805,0.631034253,0.806711832,0.674017666
39_161,163.8,0.244320142,0.263376988,0.54441684,0.799019758,0.560111776
39_163,170.8,0.767663624,0.872948128,0.822505086,0.873070936,0.841636312
39_165,176.7,0.571404367,0.628588706,0.683367845,0.775532595,0.68185509
39_167,159.4,0.81827789,0.853994783,0.806945085,0.849304271,0.802607234
39_169,151.5,0.588114593,0.579789126,0.689425137,0.756048227,0.728780991
39_171,143.9,0.373504847,0.384692011,0.482751046,0.763826691,0.579742763
39_173,161.1,0.306538101,0.332031102,0.548712393,0.732245603,0.568089978
39_175,174.5,0.318441849,0.302568264,0.654563874,0.763313405,0.67050252
46_3,169.2,0.5270895,0.558559133,0.699431495,0.707077878,0.533351715
46_5,171.7,0.448648328,0.527313328,0.722589667,0.716759711,0.543083107
46_7,77.7,0.331499844,0.519849033,0.464930885,0.457105156,0.324190927
46_9,172.5,0.377192162,0.449079945,0.715079374,0.746067618,0.589840525
46_11,190.6,0.417669796,0.472155013,0.793013996,0.738151445,0.488105152
46_13,164.4,0.316176056,0.425673903,0.675794379,0.644734443,0.558829678
46_15,160.1,0.386713903,0.526941947,0.667687344,0.698965011,0.480512281
46_17,159.2,0.31643435,0.573911108,0.629360977,0.605493892,0.386929033
46_19,97.5,0.441020931,0.456997902,0.363140632,0.285016328,0.22260386
46_21,126.8,0.465000955,0.49593289,0.574243334,0.550960493,0.378966078
46_23,161,0.394148079,0.503711164,0.667898408,0.707133533,0.511505644
46_25,174.5,0.3479374,0.456925662,0.69101386,0.698854903,0.56669695
46_27,187.3,0.237879629,0.44148088,0.808159038,0.784759456,0.597893345
46_29,180.6,0.347600204,0.456865333,0.652323329,0.68385541,0.527135533
46_31,93,0.472720334,0.50394198,0.527656325,0.472938244,0.363209145
46_35,164.6,0.449263041,0.456483158,0.706746407,0.743638927,0.537355837
46_37,163.9,0.277558605,0.433535543,0.636805683,0.606275177,0.542746361
46_39,178.1,0.449809947,0.527357384,0.730483995,0.72276987,0.529038342
46_41,84.3,0.472754596,0.550757155,0.488283351,0.402322319,0.3008917
46_43,182.7,0.439586172,0.43988708,0.697563494,0.759700636,0.552800082
46_45,144.4,0.386401748,0.464624925,0.683822242,0.652361931,0.494145883
46_47,100,0.394555816,0.349469798,0.285351708,0.237949105,0.214870095
46_49,158.7,0.370974812,0.456877763,0.71445542,0.699037264,0.52711086
46_51,169.1,0.308315807,0.50329384,0.72853872,0.744111893,0.572376209
46_53,129.6,0.379296113,0.636807436,0.684139335,0.675551867,0.48865177
46_55,60.8,0.456984118,0.541068996,0.419890465,0.345705241,0.276371981
46_57,184.8,0.316858567,0.425592078,0.753905452,0.76974599,0.472717789
46_59,143,0.450621646,0.505783023,0.730578263,0.701243995,0.50974651
46_61,167.4,0.409957522,0.433107388,0.751565794,0.740049063,0.505854403
46_65,128.8,0.332660353,0.52767843,0.582627384,0.527471312,0.324474056
46_67,173.9,0.35566703,0.416386217,0.736472074,0.740442417,0.51733771
46_69,155.9,0.306610515,0.599751703,0.689589909,0.63701173,0.449482024
46_73,156.4,0.563935976,0.626979537,0.72454376,0.677705087,0.533530179
46_75,91.5,0.459122601,0.607336222,0.533454076,0.419963065,0.287954669
46_77,180.5,0.371499722,0.448724668,0.730792664,0.761796625,0.488465721
46_79,184.1,0.363095718,0.41759567,0.800748986,0.732183128,0.431646357
46_83,161,0.326093052,0.39673217,0.791077495,0.771225837,0.408356369
46_85,113.5,0.363295468,0.590178183,0.589680119,0.511660728,0.316397625
46_87,174.9,0.354709066,0.412204146,0.800513455,0.73636013,0.384896614
46_89,144.1,0.527149847,0.597511564,0.652440966,0.597939708,0.480393411
46_91,166.1,0.370832513,0.566433419,0.707232326,0.652379652,0.550658842
46_93,45.7,0.462754815,0.49419437,0.420076326,0.330024462,0.290978062
46_95,70.7,0.396608418,0.584137413,0.509723919,0.470734872,0.322319058
46_97,162,0.486258497,0.525844067,0.732475921,0.673766299,0.456138576
46_99,182.8,0.386545164,0.418221899,0.785639567,0.746558518,0.404205032
46_101,194.2,0.357883242,0.412542098,0.818391879,0.771480611,0.474711962
46_102,51.8,0.388747785,0.419770185,0.326178191,0.263632116,0.232302535
46_107,140.7,0.332379233,0.511494307,0.644377854,0.597978308,0.371385447
46_109,168.1,0.293079895,0.488108617,0.753633574,0.699250056,0.597497132
46_111,156,0.527230677,0.57437252,0.691697573,0.677791323,0.552636978
46_115,177.9,0.340021098,0.425819899,0.698770749,0.699393777,0.566555447
46_119,147.9,0.292521318,0.441795346,0.61314437,0.565866699,0.34781461
46_123,118.4,0.408307393,0.57242753,0.59186918,0.62307982,0.423903096
46_125,177,0.345783778,0.427587153,0.794681306,0.755923091,0.443057455
46_127,186.4,0.27689709,0.34966258,0.808872623,0.808245152,0.613392601
46_129,150.9,0.449116288,0.534763252,0.644759244,0.605421345,0.355578812
46_135,171.3,0.377192162,0.46521185,0.722675655,0.722565686,0.574243886
46_137,92.8,0.488246465,0.543203288,0.466832497,0.361307451,0.279265411
55_1,126.5,0.40405077,0.65239769,0.637607325,0.785016546,0.691685493
55_5,166.4,0.415852552,0.68586576,0.775340757,0.81655349,0.677362379
55_7,129.3,0.441463973,0.800847658,0.855323687,0.504453343,-0.065881601
55_9,158.4,0.355807256,0.527158651,0.706935261,0.691084467,0.613625094
55_11,171.8,0.47095236,0.763552484,0.826300731,0.847665048,0.747878969
55_13,144.3,0.431586486,0.794939818,0.785206234,0.824181576,0.715032182
55_15,165.7,0.30288936,0.472500314,0.746673227,0.738547932,0.573806191
55_17,164.3,0.427599112,0.732237396,0.771402269,0.841739675,0.701140173
55_19,168.1,0.423679538,0.725091641,0.814505687,0.841797961,0.744156399
55_21,181.2,0.369116894,0.573868096,0.738365877,0.816644775,0.675919579
55_23,170.4,0.513878266,0.745892473,0.847852381,0.839837337,0.737838276
55_25,188.8,0.408095367,0.558696765,0.730582038,0.785373568,0.623252162
55_27,202.3,0.341686462,0.535157637,0.737960229,0.808357105,0.644356505
55_29,125.3,-0.097676268,-0.074239603,-0.082234029,-0.05882608,-0.129153246
55_33,171.1,0.435614944,0.705006385,0.818688312,0.8474171,0.691465739
55_35,169.4,0.439258719,0.736215678,0.813987531,0.826318675,0.724694777
55_39,178.7,0.349437112,0.527956171,0.746126453,0.793016055,0.621154275
55_43,191.1,0.506034995,0.636700562,0.831939878,0.824222517,0.697415676
55_45,195.1,0.443400071,0.560642002,0.752372823,0.822165095,0.670049723
55_47,166.3,0.337726646,0.581558835,0.714812485,0.784633141,0.644365107
55_49,192.5,0.522114122,0.705151813,0.794988651,0.818349558,0.697198682
55_53,165.3,0.462902441,0.759737021,0.818174408,0.837894665,0.755809399
55_55,173.8,0.377250857,0.558578794,0.785058274,0.785511657,0.607391498
55_57,157.6,0.412105031,0.698946386,0.730771059,0.808508815,0.706960384
55_59,178.7,-0.0266327,-0.042923773,-0.04331162,-0.012163685,-0.035508377
55_61,152.9,-0.058917548,-0.058155349,-0.067010014,-0.074068009,-0.121870865
55_63,168.9,0.478455144,0.714187598,0.832108017,0.831958302,0.759937675
55_65,205.2,0.419975864,0.541352478,0.81452553,0.832920389,0.693531762
55_67,139.8,0.435629553,0.833933354,0.879104252,0.845822345,0.795034246
55_69,136.9,0.497978007,0.849626084,0.878708218,0.853676625,0.771500075
55_71,157.4,-0.035355108,-0.020349822,-0.067777844,-0.082212575,-0.05920396
55_73,137.1,0.412243308,0.73794582,0.816301628,0.839874168,0.720725098
55_75,141.6,0.464989319,0.808432501,0.839953646,0.785224862,0.792867776
55_77,127,0.404391483,0.66594418,0.736389898,0.779049823,0.689467856
55_79,191.7,-0.066856301,-0.035308104,-0.089753842,-0.051026343,-0.066596957
55_81,155.1,0.454952268,0.705183078,0.798913566,0.82614734,0.76374863
55_83,150.5,0.425655738,0.738187852,0.785272103,0.80055793,0.730472617
55_87,174.4,0.37712907,0.552653469,0.783590875,0.76755433,0.626961401
55_89,152.6,-0.043957062,-0.011828068,-0.089794829,-0.058853569,-0.057845391
55_91,169.3,0.466743906,0.707409096,0.816403152,0.855860084,0.698720077
55_93,187.5,0.439483841,0.660281673,0.808645442,0.847560784,0.651904661
55_95,171.3,0.425731002,0.74626996,0.832204307,0.839924706,0.714617816
55_97,147.7,0.384894001,0.681659491,0.785379695,0.800783454,0.670134265
55_99,120.6,0.462952762,0.861399173,0.863323034,0.814509595,0.759670478
55_101,181.7,-0.035124317,-0.019662722,-0.034778691,-0.004360271,0.034978599
55_103,164.1,0.509324519,0.763401342,0.830025979,0.849755165,0.751809476
55_105,194.4,0.322043144,0.478561483,0.779257584,0.816329784,0.626984973
55_107,136.9,0.417060317,0.857447267,0.833842376,0.855444263,0.732534078
55_109,183.8,0.416020863,0.63875257,0.808662534,0.832121619,0.642487801
55_111,169.8,0.474638238,0.662405121,0.754126404,0.832475285,0.706651546
55_113,146,0.482741954,0.865233435,0.840413304,0.753940978,0.73045752
55_115,153,0.451391593,0.724635849,0.794944584,0.800468649,0.716810716
55_117,162.2,-0.027150199,0.00282955,-0.059264225,-0.090328026,-0.051528857
55_119,147.7,0.455039448,0.837915563,0.8575719,0.855398477,0.777633198
55_121,162.5,0.454970048,0.696981452,0.830281302,0.822403656,0.736388138
55_123,177,0.482543788,0.73049796,0.826128365,0.841803223,0.744031169
55_127,191.6,0.371501693,0.511345539,0.793144409,0.816774669,0.676120359
55_129,159,0.423596643,0.830180112,0.759589561,0.753937649,0.738585919
55_131,172,0.431736044,0.630585062,0.728391145,0.76728788,0.665727789
55_133,167.2,0.466867477,0.644256264,0.723206136,0.698610021,0.638522018
55_135,160.3,0.415977298,0.69346839,0.824564362,0.794785438,0.666090971
55_137,154.7,0.384578894,0.659692244,0.722792079,0.775604465,0.674022974
55_139,150.8,0.310829643,0.488497183,0.69985598,0.715392976,0.535638048
55_141,161.8,0.412045449,0.744060143,0.68924797,0.818511294,0.74400693
